0,Sat Jun 16 11:43:50 2018
1,Sat Jun 16 11:56:52 2018
2,Sat Jun 16 12:10:02 2018
3,Sat Jun 16 12:22:59 2018
4,Sat Jun 16 12:35:49 2018
5,Sat Jun 16 12:48:24 2018
6,Sat Jun 16 13:00:50 2018
7,Sat Jun 16 13:13:01 2018
8,Sat Jun 16 13:25:00 2018
9,Sat Jun 16 13:36:52 2018
10,Sat Jun 16 13:48:28 2018
11,Sat Jun 16 13:59:51 2018
12,Sat Jun 16 14:11:06 2018
13,Sat Jun 16 14:22:07 2018
14,Sat Jun 16 14:32:50 2018
15,Sat Jun 16 14:43:25 2018
16,Sat Jun 16 14:53:46 2018
17,Sat Jun 16 15:03:56 2018
18,Sat Jun 16 15:13:55 2018
19,Sat Jun 16 15:23:47 2018
20,Sat Jun 16 15:33:24 2018
21,Sat Jun 16 15:42:38 2018
