0,Sat Jun  9 06:09:06 2018
1,Sat Jun  9 06:15:27 2018
2,Sat Jun  9 06:21:58 2018
3,Sat Jun  9 06:28:34 2018
4,Sat Jun  9 06:35:12 2018
5,Sat Jun  9 06:41:49 2018
6,Sat Jun  9 06:49:56 2018
7,Sat Jun  9 06:58:00 2018
8,Sat Jun  9 07:06:01 2018
9,Sat Jun  9 07:14:01 2018
10,Sat Jun  9 07:22:03 2018
11,Sat Jun  9 07:30:06 2018
12,Sat Jun  9 07:38:11 2018
13,Sat Jun  9 07:46:12 2018
14,Sat Jun  9 07:54:12 2018
15,Sat Jun  9 08:02:20 2018
16,Sat Jun  9 08:14:38 2018
17,Sat Jun  9 08:26:55 2018
18,Sat Jun  9 08:39:17 2018
19,Sat Jun  9 08:51:41 2018
20,Sat Jun  9 09:04:03 2018
21,Sat Jun  9 09:16:23 2018
22,Sat Jun  9 09:28:46 2018
23,Sat Jun  9 09:41:12 2018
24,Sat Jun  9 09:53:37 2018
25,Sat Jun  9 10:06:04 2018
26,Sat Jun  9 10:23:03 2018
27,Sat Jun  9 10:40:07 2018
28,Sat Jun  9 10:57:09 2018
29,Sat Jun  9 11:14:06 2018
30,Sat Jun  9 11:31:04 2018
31,Sat Jun  9 11:48:12 2018
32,Sat Jun  9 12:05:13 2018
33,Sat Jun  9 12:22:13 2018
34,Sat Jun  9 12:39:14 2018
35,Sat Jun  9 12:56:17 2018
36,Sat Jun  9 13:18:25 2018
37,Sat Jun  9 13:40:31 2018
38,Sat Jun  9 14:02:33 2018
39,Sat Jun  9 14:24:41 2018
40,Sat Jun  9 14:46:50 2018
41,Sat Jun  9 15:08:57 2018
42,Sat Jun  9 15:31:04 2018
43,Sat Jun  9 15:53:11 2018
44,Sat Jun  9 16:15:15 2018
45,Sat Jun  9 16:37:19 2018
46,Sat Jun  9 17:02:17 2018
47,Sat Jun  9 17:27:13 2018
48,Sat Jun  9 17:52:12 2018
49,Sat Jun  9 18:17:04 2018
50,Sat Jun  9 18:41:51 2018
51,Sat Jun  9 19:09:53 2018
52,Sat Jun  9 19:37:44 2018
53,Sat Jun  9 20:05:38 2018
54,Sat Jun  9 20:33:29 2018
55,Sat Jun  9 21:01:18 2018
56,Sat Jun  9 21:29:06 2018
57,Sat Jun  9 21:56:44 2018
58,Sat Jun  9 22:24:26 2018
59,Sat Jun  9 22:52:05 2018
60,Sat Jun  9 23:19:39 2018
61,Sat Jun  9 23:47:10 2018
62,Sun Jun 10 00:14:36 2018
63,Sun Jun 10 00:42:03 2018
64,Sun Jun 10 01:09:34 2018
65,Sun Jun 10 01:36:47 2018
66,Sun Jun 10 02:04:02 2018
67,Sun Jun 10 02:31:08 2018
68,Sun Jun 10 02:58:10 2018
69,Sun Jun 10 03:25:16 2018
70,Sun Jun 10 03:52:21 2018
71,Sun Jun 10 04:19:28 2018
72,Sun Jun 10 04:46:35 2018
73,Sun Jun 10 05:13:43 2018
74,Sun Jun 10 05:40:49 2018
75,Sun Jun 10 06:07:52 2018
76,Sun Jun 10 06:34:56 2018
77,Sun Jun 10 07:01:58 2018
78,Sun Jun 10 07:29:00 2018
79,Sun Jun 10 07:56:09 2018
80,Sun Jun 10 08:23:09 2018
81,Sun Jun 10 08:50:16 2018
82,Sun Jun 10 09:17:29 2018
83,Sun Jun 10 09:44:49 2018
84,Sun Jun 10 10:12:11 2018
85,Sun Jun 10 10:39:26 2018
86,Sun Jun 10 11:06:48 2018
87,Sun Jun 10 11:34:16 2018
88,Sun Jun 10 12:01:42 2018
89,Sun Jun 10 12:29:07 2018
90,Sun Jun 10 12:56:35 2018
91,Sun Jun 10 13:24:04 2018
92,Sun Jun 10 13:51:27 2018
93,Sun Jun 10 14:18:50 2018
94,Sun Jun 10 14:46:09 2018
95,Sun Jun 10 15:13:36 2018
96,Sun Jun 10 15:40:59 2018
97,Sun Jun 10 16:08:20 2018
98,Sun Jun 10 16:35:41 2018
99,Sun Jun 10 17:03:04 2018
