0,Sun Jun 10 17:30:45 2018
1,Sun Jun 10 17:37:13 2018
2,Sun Jun 10 17:43:51 2018
3,Sun Jun 10 17:50:35 2018
4,Sun Jun 10 17:57:18 2018
5,Sun Jun 10 18:06:33 2018
6,Sun Jun 10 18:15:58 2018
7,Sun Jun 10 18:25:33 2018
8,Sun Jun 10 18:35:06 2018
9,Sun Jun 10 18:44:37 2018
10,Sun Jun 10 18:54:09 2018
11,Sun Jun 10 19:03:43 2018
12,Sun Jun 10 19:13:15 2018
13,Sun Jun 10 19:22:45 2018
14,Sun Jun 10 19:32:15 2018
15,Sun Jun 10 19:41:44 2018
16,Sun Jun 10 19:51:14 2018
17,Sun Jun 10 20:00:44 2018
18,Sun Jun 10 20:10:14 2018
19,Sun Jun 10 20:19:47 2018
20,Sun Jun 10 20:29:13 2018
21,Sun Jun 10 20:38:43 2018
22,Sun Jun 10 20:48:17 2018
23,Sun Jun 10 20:57:43 2018
24,Sun Jun 10 21:07:10 2018
25,Sun Jun 10 21:19:40 2018
26,Sun Jun 10 21:32:16 2018
27,Sun Jun 10 21:45:02 2018
28,Sun Jun 10 21:57:50 2018
29,Sun Jun 10 22:10:37 2018
30,Sun Jun 10 22:23:27 2018
31,Sun Jun 10 22:36:14 2018
32,Sun Jun 10 22:49:05 2018
33,Sun Jun 10 23:01:55 2018
34,Sun Jun 10 23:14:42 2018
35,Sun Jun 10 23:27:31 2018
36,Sun Jun 10 23:40:23 2018
37,Sun Jun 10 23:53:09 2018
38,Mon Jun 11 00:05:58 2018
39,Mon Jun 11 00:21:53 2018
40,Mon Jun 11 00:38:01 2018
41,Mon Jun 11 00:54:10 2018
42,Mon Jun 11 01:10:22 2018
43,Mon Jun 11 01:26:33 2018
44,Mon Jun 11 01:42:40 2018
45,Mon Jun 11 01:58:49 2018
46,Mon Jun 11 02:14:48 2018
47,Mon Jun 11 02:30:49 2018
48,Mon Jun 11 02:46:51 2018
49,Mon Jun 11 03:02:53 2018
50,Mon Jun 11 03:18:54 2018
51,Mon Jun 11 03:34:57 2018
52,Mon Jun 11 03:51:01 2018
53,Mon Jun 11 04:07:00 2018
54,Mon Jun 11 04:23:04 2018
55,Mon Jun 11 04:39:04 2018
56,Mon Jun 11 04:55:03 2018
57,Mon Jun 11 05:11:06 2018
58,Mon Jun 11 05:27:07 2018
59,Mon Jun 11 05:43:09 2018
60,Mon Jun 11 05:59:11 2018
61,Mon Jun 11 06:15:14 2018
62,Mon Jun 11 06:34:51 2018
63,Mon Jun 11 06:54:41 2018
64,Mon Jun 11 07:14:38 2018
65,Mon Jun 11 07:34:36 2018
66,Mon Jun 11 07:54:25 2018
67,Mon Jun 11 08:14:29 2018
68,Mon Jun 11 08:34:20 2018
69,Mon Jun 11 08:57:21 2018
70,Mon Jun 11 09:20:33 2018
71,Mon Jun 11 09:43:48 2018
72,Mon Jun 11 10:07:15 2018
73,Mon Jun 11 10:30:39 2018
74,Mon Jun 11 10:53:59 2018
75,Mon Jun 11 11:17:21 2018
76,Mon Jun 11 11:40:43 2018
77,Mon Jun 11 12:04:11 2018
78,Mon Jun 11 12:27:32 2018
79,Mon Jun 11 12:50:54 2018
80,Mon Jun 11 13:14:18 2018
81,Mon Jun 11 13:37:41 2018
82,Mon Jun 11 14:01:04 2018
83,Mon Jun 11 14:24:26 2018
84,Mon Jun 11 14:51:54 2018
85,Mon Jun 11 15:19:35 2018
86,Mon Jun 11 15:47:16 2018
87,Mon Jun 11 16:14:59 2018
88,Mon Jun 11 16:42:40 2018
89,Mon Jun 11 17:10:19 2018
90,Mon Jun 11 17:42:14 2018
91,Mon Jun 11 18:14:14 2018
92,Mon Jun 11 18:46:29 2018
93,Mon Jun 11 19:18:37 2018
94,Mon Jun 11 19:50:48 2018
95,Mon Jun 11 20:23:02 2018
96,Mon Jun 11 20:55:17 2018
97,Mon Jun 11 21:27:21 2018
98,Mon Jun 11 21:59:22 2018
99,Mon Jun 11 22:31:14 2018
