0,Wed Jun 13 06:17:20 2018
1,Wed Jun 13 06:30:24 2018
2,Wed Jun 13 06:43:34 2018
3,Wed Jun 13 06:56:49 2018
4,Wed Jun 13 07:10:04 2018
5,Wed Jun 13 07:23:21 2018
6,Wed Jun 13 07:36:43 2018
7,Wed Jun 13 07:50:05 2018
8,Wed Jun 13 08:03:25 2018
9,Wed Jun 13 08:16:47 2018
10,Wed Jun 13 08:30:11 2018
11,Wed Jun 13 08:43:37 2018
12,Wed Jun 13 08:56:57 2018
13,Wed Jun 13 09:10:19 2018
14,Wed Jun 13 09:23:44 2018
15,Wed Jun 13 09:37:05 2018
16,Wed Jun 13 10:00:50 2018
17,Wed Jun 13 10:24:46 2018
18,Wed Jun 13 10:48:55 2018
19,Wed Jun 13 11:12:54 2018
20,Wed Jun 13 11:36:59 2018
21,Wed Jun 13 12:01:14 2018
22,Wed Jun 13 12:25:22 2018
23,Wed Jun 13 12:49:28 2018
24,Wed Jun 13 13:13:38 2018
25,Wed Jun 13 13:37:48 2018
26,Wed Jun 13 14:02:00 2018
27,Wed Jun 13 14:26:10 2018
28,Wed Jun 13 15:03:46 2018
29,Wed Jun 13 15:41:34 2018
30,Wed Jun 13 16:19:34 2018
31,Wed Jun 13 16:57:20 2018
32,Wed Jun 13 17:35:12 2018
33,Wed Jun 13 18:13:06 2018
34,Wed Jun 13 18:50:56 2018
35,Wed Jun 13 19:28:51 2018
36,Wed Jun 13 20:06:51 2018
37,Wed Jun 13 20:44:52 2018
38,Wed Jun 13 21:22:52 2018
39,Wed Jun 13 22:00:54 2018
40,Wed Jun 13 22:38:41 2018
41,Wed Jun 13 23:16:31 2018
42,Wed Jun 13 23:54:29 2018
43,Thu Jun 14 00:32:20 2018
44,Thu Jun 14 01:10:14 2018
45,Thu Jun 14 01:48:03 2018
46,Thu Jun 14 02:25:57 2018
47,Thu Jun 14 03:03:44 2018
48,Thu Jun 14 03:41:36 2018
49,Thu Jun 14 04:19:26 2018
50,Thu Jun 14 04:57:08 2018
51,Thu Jun 14 05:34:49 2018
52,Thu Jun 14 06:29:54 2018
53,Thu Jun 14 07:24:45 2018
54,Thu Jun 14 08:19:46 2018
55,Thu Jun 14 09:15:08 2018
56,Thu Jun 14 10:10:26 2018
57,Thu Jun 14 11:05:47 2018
58,Thu Jun 14 12:00:59 2018
59,Thu Jun 14 12:56:17 2018
60,Thu Jun 14 13:51:22 2018
61,Thu Jun 14 14:46:44 2018
62,Thu Jun 14 15:41:55 2018
