0,Fri Jun 15 10:48:52 2018
1,Fri Jun 15 10:57:33 2018
2,Fri Jun 15 11:06:34 2018
3,Fri Jun 15 11:15:41 2018
4,Fri Jun 15 11:24:50 2018
5,Fri Jun 15 11:33:59 2018
6,Fri Jun 15 11:43:10 2018
7,Fri Jun 15 11:52:22 2018
8,Fri Jun 15 12:01:35 2018
9,Fri Jun 15 12:10:45 2018
10,Fri Jun 15 12:19:58 2018
11,Fri Jun 15 12:29:10 2018
12,Fri Jun 15 12:38:19 2018
13,Fri Jun 15 12:47:32 2018
14,Fri Jun 15 12:56:41 2018
15,Fri Jun 15 13:05:54 2018
16,Fri Jun 15 13:15:07 2018
17,Fri Jun 15 13:24:20 2018
18,Fri Jun 15 13:33:32 2018
19,Fri Jun 15 13:42:42 2018
20,Fri Jun 15 13:51:53 2018
21,Fri Jun 15 14:01:04 2018
22,Fri Jun 15 14:10:14 2018
23,Fri Jun 15 14:19:27 2018
24,Fri Jun 15 14:28:38 2018
25,Fri Jun 15 14:37:49 2018
26,Fri Jun 15 14:46:58 2018
27,Fri Jun 15 14:56:10 2018
28,Fri Jun 15 15:05:22 2018
29,Fri Jun 15 15:14:34 2018
30,Fri Jun 15 15:23:45 2018
31,Fri Jun 15 15:32:55 2018
32,Fri Jun 15 15:42:05 2018
33,Fri Jun 15 15:51:14 2018
34,Fri Jun 15 16:00:22 2018
35,Fri Jun 15 16:09:34 2018
36,Fri Jun 15 16:18:45 2018
37,Fri Jun 15 16:27:53 2018
38,Fri Jun 15 16:37:04 2018
39,Fri Jun 15 16:46:15 2018
40,Fri Jun 15 16:55:24 2018
41,Fri Jun 15 17:04:33 2018
42,Fri Jun 15 17:13:43 2018
43,Fri Jun 15 17:22:52 2018
44,Fri Jun 15 17:32:01 2018
45,Fri Jun 15 17:41:09 2018
46,Fri Jun 15 17:50:15 2018
47,Fri Jun 15 17:59:26 2018
48,Fri Jun 15 18:08:34 2018
49,Fri Jun 15 18:17:43 2018
50,Fri Jun 15 18:26:53 2018
51,Fri Jun 15 18:35:58 2018
52,Fri Jun 15 18:45:06 2018
53,Fri Jun 15 18:54:17 2018
54,Fri Jun 15 19:03:26 2018
55,Fri Jun 15 19:12:35 2018
56,Fri Jun 15 19:21:47 2018
57,Fri Jun 15 19:30:57 2018
58,Fri Jun 15 19:40:10 2018
59,Fri Jun 15 19:49:20 2018
60,Fri Jun 15 19:58:31 2018
61,Fri Jun 15 20:07:44 2018
62,Fri Jun 15 20:16:57 2018
63,Fri Jun 15 20:26:09 2018
64,Fri Jun 15 20:35:20 2018
65,Fri Jun 15 20:44:34 2018
66,Fri Jun 15 20:53:47 2018
67,Fri Jun 15 21:02:57 2018
68,Fri Jun 15 21:12:09 2018
69,Fri Jun 15 21:21:19 2018
70,Fri Jun 15 21:30:31 2018
71,Fri Jun 15 21:39:40 2018
72,Fri Jun 15 21:48:52 2018
73,Fri Jun 15 21:58:00 2018
74,Fri Jun 15 22:07:11 2018
75,Fri Jun 15 22:16:22 2018
76,Fri Jun 15 22:25:33 2018
77,Fri Jun 15 22:34:43 2018
78,Fri Jun 15 22:43:50 2018
79,Fri Jun 15 22:53:01 2018
80,Fri Jun 15 23:02:12 2018
81,Fri Jun 15 23:11:25 2018
82,Fri Jun 15 23:20:33 2018
83,Fri Jun 15 23:29:42 2018
84,Fri Jun 15 23:38:52 2018
85,Fri Jun 15 23:48:01 2018
86,Fri Jun 15 23:57:12 2018
87,Sat Jun 16 00:06:23 2018
88,Sat Jun 16 00:15:33 2018
89,Sat Jun 16 00:24:43 2018
90,Sat Jun 16 00:33:51 2018
91,Sat Jun 16 00:43:01 2018
92,Sat Jun 16 00:52:08 2018
93,Sat Jun 16 01:01:21 2018
94,Sat Jun 16 01:10:29 2018
95,Sat Jun 16 01:19:38 2018
96,Sat Jun 16 01:28:43 2018
97,Sat Jun 16 01:37:50 2018
98,Sat Jun 16 01:47:01 2018
99,Sat Jun 16 01:56:09 2018
