0,Mon Jun  4 01:07:05 2018
1,Mon Jun  4 01:19:47 2018
2,Mon Jun  4 01:32:47 2018
3,Mon Jun  4 01:45:46 2018
4,Mon Jun  4 01:58:50 2018
5,Mon Jun  4 02:11:56 2018
6,Mon Jun  4 02:24:58 2018
7,Mon Jun  4 02:38:02 2018
8,Mon Jun  4 02:51:07 2018
9,Mon Jun  4 03:04:12 2018
10,Mon Jun  4 03:17:19 2018
11,Mon Jun  4 03:30:23 2018
12,Mon Jun  4 03:43:34 2018
13,Mon Jun  4 03:56:43 2018
14,Mon Jun  4 04:09:54 2018
15,Mon Jun  4 04:23:05 2018
16,Mon Jun  4 04:36:18 2018
17,Mon Jun  4 04:49:29 2018
18,Mon Jun  4 05:02:44 2018
19,Mon Jun  4 05:15:54 2018
20,Mon Jun  4 05:29:10 2018
21,Mon Jun  4 05:42:24 2018
22,Mon Jun  4 05:55:34 2018
23,Mon Jun  4 06:08:45 2018
24,Mon Jun  4 06:21:58 2018
25,Mon Jun  4 06:35:11 2018
26,Mon Jun  4 06:48:25 2018
27,Mon Jun  4 07:01:41 2018
28,Mon Jun  4 07:14:52 2018
29,Mon Jun  4 07:28:05 2018
30,Mon Jun  4 07:41:18 2018
31,Mon Jun  4 07:54:30 2018
32,Mon Jun  4 08:07:40 2018
33,Mon Jun  4 08:20:58 2018
34,Mon Jun  4 08:34:12 2018
35,Mon Jun  4 08:47:27 2018
36,Mon Jun  4 09:00:40 2018
37,Mon Jun  4 09:13:51 2018
38,Mon Jun  4 09:27:04 2018
39,Mon Jun  4 09:40:17 2018
40,Mon Jun  4 09:53:28 2018
41,Mon Jun  4 10:06:42 2018
42,Mon Jun  4 10:19:55 2018
43,Mon Jun  4 10:33:12 2018
44,Mon Jun  4 10:46:25 2018
45,Mon Jun  4 10:59:39 2018
46,Mon Jun  4 11:12:52 2018
47,Mon Jun  4 11:26:06 2018
48,Mon Jun  4 11:39:17 2018
49,Mon Jun  4 11:52:23 2018
50,Mon Jun  4 12:05:39 2018
51,Mon Jun  4 12:18:50 2018
52,Mon Jun  4 12:32:00 2018
53,Mon Jun  4 12:45:11 2018
54,Mon Jun  4 12:58:22 2018
55,Mon Jun  4 13:11:35 2018
56,Mon Jun  4 13:24:50 2018
57,Mon Jun  4 13:38:03 2018
58,Mon Jun  4 13:51:10 2018
59,Mon Jun  4 14:04:20 2018
60,Mon Jun  4 14:17:35 2018
61,Mon Jun  4 14:30:50 2018
62,Mon Jun  4 14:44:03 2018
63,Mon Jun  4 14:57:17 2018
64,Mon Jun  4 15:10:31 2018
65,Mon Jun  4 15:23:46 2018
66,Mon Jun  4 15:32:51 2018
67,Mon Jun  4 15:41:59 2018
68,Mon Jun  4 15:51:04 2018
69,Mon Jun  4 16:00:10 2018
70,Mon Jun  4 16:09:07 2018
71,Mon Jun  4 16:18:09 2018
72,Mon Jun  4 16:27:12 2018
73,Mon Jun  4 16:36:17 2018
74,Mon Jun  4 16:45:25 2018
75,Mon Jun  4 16:54:30 2018
76,Mon Jun  4 17:03:37 2018
77,Mon Jun  4 17:12:43 2018
78,Mon Jun  4 17:21:49 2018
79,Mon Jun  4 17:30:55 2018
80,Mon Jun  4 17:40:01 2018
81,Mon Jun  4 17:49:06 2018
82,Mon Jun  4 17:58:12 2018
83,Mon Jun  4 18:07:12 2018
84,Mon Jun  4 18:16:12 2018
85,Mon Jun  4 18:25:11 2018
86,Mon Jun  4 18:34:16 2018
87,Mon Jun  4 18:43:23 2018
88,Mon Jun  4 18:52:29 2018
89,Mon Jun  4 19:01:34 2018
90,Mon Jun  4 19:10:40 2018
91,Mon Jun  4 19:19:46 2018
92,Mon Jun  4 19:28:51 2018
93,Mon Jun  4 19:37:54 2018
94,Mon Jun  4 19:46:57 2018
95,Mon Jun  4 19:56:00 2018
96,Mon Jun  4 20:04:57 2018
97,Mon Jun  4 20:13:54 2018
98,Mon Jun  4 20:23:00 2018
99,Mon Jun  4 20:32:05 2018
